Galaxy,New_Redshift
M31,0.000282
M33,0.000921
NGC7331,0.00148575
,0.00148575
NGC5907,0.00224
NGC891,0.0025
