Galaxy,Redshift
M31,0.000282
M33,0.000921
M33,0.000921
NGC7331,
,
NGC5907,0.00224
NGC891,0.0025
